dissimilarity_1_0,correlation_1_0,contrast_1_0,energy_1_0,homogeneity_1_0,ASM_1_0,dissimilarity_1_45,correlation_1_45,contrast_1_45,energy_1_45,homogeneity_1_45,ASM_1_45,dissimilarity_1_90,correlation_1_90,contrast_1_90,energy_1_90,homogeneity_1_90,ASM_1_90,dissimilarity_1_135,correlation_1_135,contrast_1_135,energy_1_135,homogeneity_1_135,ASM_1_135,dissimilarity_3_0,correlation_3_0,contrast_3_0,energy_3_0,homogeneity_3_0,ASM_3_0,dissimilarity_3_45,correlation_3_45,contrast_3_45,energy_3_45,homogeneity_3_45,ASM_3_45,dissimilarity_3_90,correlation_3_90,contrast_3_90,energy_3_90,homogeneity_3_90,ASM_3_90,dissimilarity_3_135,correlation_3_135,contrast_3_135,energy_3_135,homogeneity_3_135,ASM_3_135,dissimilarity_5_0,correlation_5_0,contrast_5_0,energy_5_0,homogeneity_5_0,ASM_5_0,dissimilarity_5_45,correlation_5_45,contrast_5_45,energy_5_45,homogeneity_5_45,ASM_5_45,dissimilarity_5_90,correlation_5_90,contrast_5_90,energy_5_90,homogeneity_5_90,ASM_5_90,dissimilarity_5_135,correlation_5_135,contrast_5_135,energy_5_135,homogeneity_5_135,ASM_5_135,category
16.36915600393701,0.6819601528841934,567.9942790354331,0.01494326288940602,0.07065992996433341,0.00022330110578189913,20.480252960505922,0.5555617161502306,794.745241490483,0.013630583082555109,0.05498081444636219,0.00018579279517043752,14.722317913385828,0.7964301636994472,405.3741387795275,0.01587881017808522,0.08489441431377087,0.0002521366126716628,19.953251906503816,0.5708562259668961,767.4092628185259,0.01376737847820283,0.056457841925995504,0.0001895407101620825,27.3155625,0.04522480722487894,1605.0739374999998,0.012871131093458726,0.04233982622168745,0.00016566601562500001,26.178886369362562,0.1545975352215238,1421.4586797682036,0.012924933706792787,0.042408468264740665,0.00016705391132498833,23.6651875,0.5172734303788085,962.9978125000001,0.01360003446686809,0.05381469709619466,0.0001849609375,25.56771227009322,0.18133388761968838,1376.6469513731417,0.013014563805904345,0.04504286880220523,0.00016937887105795537,26.974466463414636,0.14171772381268943,1417.4536331300815,0.012808806254598754,0.038774317907854565,0.00016406551766784817,27.233936004162324,0.09433623973836536,1510.8677809573358,0.01286883260986639,0.04195930824083076,0.0001656068527407606,24.06307164634146,0.5156504093364611,968.3413998983738,0.013338490248527445,0.050669665809491414,0.00017791532211006172,26.890673777315293,0.11509480978326848,1475.699206555671,0.012826610053417934,0.04031747615217011,0.00016452192546244202,gres
17.00375246062992,0.6703295841808321,591.3796136811023,0.014770506280060453,0.07030955403310966,0.00021816785576930529,21.294004588009184,0.5328380513833596,837.5189410378823,0.013542379834559096,0.05044896325165515,0.00018339605158347282,15.558193897637796,0.7750931904347793,447.05708661417316,0.015727833688782604,0.07916348216431747,0.00024736475254200503,20.841775683551372,0.5543436568523311,798.8029636059273,0.013618592212981253,0.05026772169763404,0.00018546605386347362,28.2945625,0.02725556313826833,1634.5525625000005,0.012807544773491912,0.037901381151053085,0.00016403320312499998,26.851914840010078,0.1549919248343911,1416.4038170823887,0.012841167662297856,0.04060743185784232,0.0001648955869312442,24.885437500000002,0.4674116965841933,1055.0614374999998,0.013765190472710503,0.04868355580282574,0.00018948046875,26.256361803980848,0.18622983275796978,1363.5988914084155,0.012928002996848471,0.04234010858944504,0.00016713326148652305,27.908091971544717,0.10932579111029114,1482.5544334349597,0.01277277090613645,0.03723642900254512,0.00016314367662064575,28.12057752341311,0.07106316103480506,1544.5715400624351,0.012728958371976499,0.03977619030664755,0.0001620263812355106,25.11655233739837,0.46985461560798797,1052.40631351626,0.013485580539168273,0.04870110446767821,0.00018186088247839404,27.508714880332978,0.09824892970644163,1499.7098074921955,0.012837734716099523,0.0386448183948583,0.0001648074326409469,gres
16.5144562007874,0.7580015176466596,541.609313484252,0.013716770405677887,0.07092341692276478,0.00018814979036208072,21.604811209622415,0.6136585847007859,863.8111476222952,0.012262630855075937,0.05262747798680278,0.0001503721154878604,15.07855561023622,0.815382192974384,437.63478100393695,0.014833205979096755,0.08122045789679587,0.00022002399961831173,19.163246326492654,0.6929799577665353,686.4600409200817,0.012830580754375518,0.05839125792532409,0.00016462380249455144,28.486,0.2739273653983148,1570.75025,0.011480452136131226,0.038849930703728205,0.00013180078125000003,27.738473167044596,0.32614214851160717,1457.6830435878057,0.011483468539622406,0.038897095235851484,0.00013187004970049757,25.12275,0.5196846457130786,1134.3251250000003,0.0125968901172075,0.04926559917308385,0.00015868164062499997,24.758440413202322,0.45408696723947367,1181.1455656336611,0.011856506491158925,0.045058012387794874,0.00014057674617489374,29.188579776422767,0.2603224097036661,1584.759845020325,0.011416683357058597,0.039579470799460385,0.00013034065887533876,29.98803329864725,0.2112138674190492,1684.645681581686,0.011439201980328223,0.03759116436426141,0.00013085534194674512,25.820248983739837,0.5008946654618491,1177.728912601626,0.012340066788575809,0.048879540277627614,0.00015227724834651168,27.037721123829336,0.3524328792603278,1383.4834807492193,0.011655771306119243,0.03833996723432047,0.00013585700474055267,gres
15.946481299212596,0.6660487196416597,455.6994340551181,0.014659733232510385,0.06819630515747938,0.0002149077784483694,20.473680947361895,0.4752375669899793,715.6322152644306,0.013538760253117106,0.053292652136868374,0.00018329802919138356,15.80714812992126,0.6663194894244557,454.84196604330714,0.014749867850971054,0.0692867322385282,0.00021755860162110948,19.637671275342555,0.5151506986749388,661.1381982763967,0.013704622186179589,0.0538659917558516,0.00018781666926592582,26.0211875,0.1742333267323183,1128.5954375000001,0.012778919408541553,0.03983446722923102,0.00016330078124999998,24.94734189972285,0.2537941432948665,1016.9892920131014,0.012856683922884473,0.03987896547782972,0.00016529432149295606,25.745499999999996,0.1846678905319062,1111.97275,0.012814557761585063,0.041151347612704774,0.000164212890625,24.18260267069791,0.2966523840564586,958.655643738977,0.012944947706692458,0.04130620641082791,0.00016757167112900235,25.682355182926834,0.21507776372076592,1073.9152057926833,0.012770875648795005,0.03905305191446598,0.00016309526483698525,26.17689906347555,0.18213804696463373,1119.5435744016652,0.012826610053417937,0.03954155535270954,0.0001645219254624421,25.37684197154472,0.2237580609223767,1059.3415269308944,0.012751670303431724,0.03955464428453762,0.00016260509552742253,25.31490634755463,0.22901238373366042,1056.031737773153,0.012817373375527552,0.04065791790141961,0.00016428506024768254,gres
15.780450295275596,0.7062174340033526,458.41086368110246,0.014395670834910192,0.07147003302665915,0.0002072353387870839,20.750201500403,0.5178003884672479,751.8963357926715,0.013089516925430363,0.05152289433918525,0.00017133545334112796,15.604146161417328,0.7143488663970202,445.96598179133866,0.014457640445988568,0.0698298712830157,0.00020902336726548454,18.88027776055552,0.5969472399038438,628.5465930931861,0.013488767837971831,0.058116506024855075,0.0001819468577867033,26.247000000000003,0.2543148334551285,1162.90325,0.012300755820273809,0.041704371644139746,0.00015130859375,25.573318216175362,0.29527406732365596,1099.4639707734948,0.012355316295444512,0.04152376470600119,0.00015265384076047672,25.4735625,0.2909630927878514,1107.7341874999997,0.012407627442424279,0.041438671823348906,0.00015394921875000003,23.562358276643995,0.40087444991618837,934.7635424540188,0.012590622262620975,0.042910452374593844,0.00015852376896000693,26.45934959349594,0.2534315127480761,1161.4404217479675,0.012306429073916011,0.03888368716126858,0.00015144819655132528,28.00110561914672,0.16829667208822607,1297.9709287200835,0.012199660644977284,0.03849179421171933,0.00014883171985260757,26.18476880081301,0.26510810398900164,1150.4777057926829,0.012214376657781335,0.03866880784194302,0.00014919099713815354,25.57745837669095,0.30100951808375825,1090.3837799167534,0.012352212395396776,0.040962323492843004,0.00015257715106099375,gres
14.007750984251969,0.6648884007650302,358.04970472440937,0.016915991836752905,0.07804172464718599,0.0002861507798210909,18.598859197718394,0.430718404097327,608.251038502077,0.015405876844997042,0.057126691792205204,0.00023734104136321598,13.739972933070867,0.6766906588241742,345.5484128937008,0.017005015767451635,0.08102001739507543,0.00028917056125127874,16.505859011718027,0.560578983612631,469.46090892181786,0.015795436618918576,0.06463107014903649,0.0002494958179822739,23.5643125,0.10959919936999787,950.0614375,0.014649952005040835,0.04472637621832675,0.00021462109375,23.324200050390527,0.14078759737109156,915.79119425548,0.014571653895516899,0.04463913598072636,0.0002123330972507328,22.708999999999996,0.17978446460607653,876.0947500000001,0.014715797209121903,0.04533661074272872,0.0002165546875,20.555051650289748,0.3344258863009902,709.0478710002519,0.014912105575165221,0.05000257556586174,0.00022237089268487367,23.98564532520325,0.08946354031819369,970.201473577236,0.014542102902173809,0.044176852543236486,0.00021147275681741192,24.30040322580645,0.07408154492947387,989.7126040582725,0.014509900866838205,0.04193578097723121,0.00021053722316547208,23.201283028455286,0.15019681889023231,908.4491234756098,0.014572241433501535,0.0450800009582242,0.00021235022039625884,22.622333506763795,0.19365119234216052,861.163956815817,0.01474068796854885,0.04563491407508377,0.0002172878817861208,gres
14.976316437007872,0.6503587436020976,397.8045644685039,0.015681690241265613,0.07238237938736264,0.00024591540882300516,19.331576663153328,0.43968720755725893,637.05952011904,0.014333632191849537,0.05553053969961906,0.00020545301181122536,14.895546259842524,0.6479404487491988,400.61946358267727,0.015744546820107962,0.07458361534105323,0.00024789075457057173,18.363010726021447,0.48761723035866383,582.5682311364623,0.014618559053758355,0.05782337663889399,0.00021370226880822036,24.640625000000004,0.11898355615808086,1000.780625,0.013612020767505463,0.042329256708879104,0.000185287109375,23.70603426555807,0.19192177120072437,915.2825018896447,0.013679818610252975,0.0419207502040202,0.00018713743720942362,23.816062499999994,0.16190538730184026,948.5413124999999,0.01380224449591442,0.042931241939898376,0.00019050195312499992,22.716238347190725,0.25171467639059053,847.6139455782311,0.013772242323764712,0.043565582828610186,0.000189674658624496,24.296176321138205,0.15001120017625083,961.4881224593495,0.013663453366500392,0.042613417923116265,0.0001866899578985309,24.455189906347552,0.13060132615418849,974.6435353798128,0.013711661071782772,0.041160515282471194,0.0001880096493474431,23.682101117886177,0.17927658284037265,924.775342987805,0.013712600120063406,0.045068120436302365,0.0001880354020527629,23.95954734651405,0.1664087474042762,935.0186004162331,0.013756778764992665,0.041903978181794574,0.00018924896198895314,gres
16.045890748031496,0.6724956880314172,463.62315452755905,0.014393830628623556,0.06937644409843931,0.00020718236016550157,21.373054746109492,0.44446426503294445,787.0913261826523,0.013122000714331724,0.0503915879420355,0.00017218690274692225,15.942913385826772,0.6729287984461186,464.77669783464563,0.014542848467324777,0.07047709496012236,0.0002114944415435706,19.176700353400705,0.5507391486074527,636.3818587637174,0.01355209823742183,0.05594397842891472,0.00018365936663673188,27.1714375,0.13048852095355032,1228.2499374999998,0.012442995017277796,0.038329396430916776,0.00015482812500000004,26.444381456286223,0.19485397967564877,1136.6125598387505,0.012413062773632456,0.037047754289347826,0.0001540841274221399,26.123999999999995,0.197214550825059,1136.8053750000001,0.012517409751022772,0.040195288476400276,0.00015668554687499998,24.21598639455782,0.31430437880223244,967.4285084404132,0.012624766065660722,0.040902454723426365,0.00015938471821265853,26.73774136178861,0.1668147488446637,1173.533600101626,0.01243216206665251,0.039970098570289686,0.0001545586536515136,27.29949271592091,0.14401449816597398,1203.1110171696148,0.012454347149157432,0.03819139916427706,0.00015511076291172584,25.783282520325194,0.22439389228464962,1097.666158536585,0.012527445171456014,0.04007489670178819,0.0001569368825238366,25.794549947970864,0.21705195159221047,1099.7074011446412,0.012649207586647844,0.039911036866254024,0.0001600024525701094,gres
17.518024114173237,0.7029230391616021,546.0229453740159,0.012922407485729218,0.06504028041921105,0.0001669886152272305,23.343852687705375,0.4896788448356035,936.9461838923678,0.011731137816845707,0.045284399441300444,0.00013761959447782744,16.669106791338585,0.7226651292662094,509.30542568897647,0.013244613411999572,0.0673867713892941,0.00017541978443331896,20.119846239692478,0.6235927950405818,691.1579763159526,0.012292843871758781,0.051673749371506775,0.00015111401045543742,30.042562499999992,0.18597373457994248,1497.8730624999998,0.01112052227303196,0.03450114940842138,0.00012366601562499992,29.501511715797438,0.22978186406470055,1415.220458553792,0.01108922581086614,0.033282228858122556,0.00012297092908437977,28.656437500000003,0.2535574283123012,1371.2365625,0.011166005888409696,0.036517392631684284,0.0001246796875,26.15381708238851,0.38537474513773406,1129.6548248929203,0.011366177809389696,0.040068752815146394,0.00012918999799466275,30.401803861788622,0.18322642178902163,1501.7879827235774,0.011037675060416932,0.03395991994614224,0.00012183027073934993,30.774778876170657,0.15963773822416688,1545.606594693028,0.011092475810009963,0.03240817476179451,0.0001230430195956562,29.175368394308943,0.23646818395705743,1400.8463541666667,0.01116062207241208,0.03485179197558026,0.00012455948504321173,29.26716961498439,0.239910456628153,1398.0728407908427,0.011185129894321608,0.03565683616948364,0.00012510713075284692,gres
4.0111343503937,0.8105673708330358,27.30173474409449,0.04559698956070498,0.22326900118128584,0.002079085456999039,4.295988591977184,0.784246233521479,31.107446214892434,0.044241791457134916,0.21212633786686005,0.0019573361113366158,1.6415477362204725,0.9659965715544881,4.903481791338582,0.06974005925611938,0.44503226951502406,0.004863675865047042,4.095232190464381,0.8030144840974427,28.40114080228161,0.04527454782911173,0.21966823196769428,0.0020497846811305255,6.568875,0.5186239353704369,69.527625,0.037454399357752355,0.14203698423687372,0.00140283203125,6.028155706727137,0.5911298863208795,58.92498110355254,0.03853611710927813,0.15316753486393725,0.0014850323218599988,3.7735625,0.8266003413256175,24.9686875,0.04749340003489959,0.24155616777763916,0.002255623046875,5.827223481985387,0.616466961572512,55.27758881330311,0.03917668497587308,0.16158780498985204,0.0015348126456987995,7.026041666666667,0.4550315465288042,78.96633638211381,0.03683083329377265,0.13086456066848012,0.0013565102811136723,6.778811134235172,0.4818537114772177,74.85191207075962,0.03725877436087073,0.13991744928655223,0.001388216266874278,4.88865599593496,0.7028700331311324,42.709921239837406,0.04268625846735313,0.19990901579393172,0.0018221166619416772,7.000715400624349,0.45447125822186724,78.75578824141519,0.03683915685383017,0.1337054393294429,0.0013571234777011026,laminat
3.9538016732283463,0.8190540320066679,26.767531988188978,0.04503284693404269,0.23020609981597584,0.0020279573029849183,4.2155124310248615,0.7964393254522106,30.15822431644863,0.04380586282458998,0.2182224961699613,0.0019189536178067946,1.7616879921259843,0.9622321270144668,5.598425196850394,0.06613550889924304,0.42331262711543266,0.0043739055373618555,4.183892367784735,0.799412512677189,29.71777543555087,0.04396781535017875,0.21765913799621384,0.001933168786667414,6.696937500000001,0.5038905707922537,72.78518749999999,0.036437473198960985,0.14483976863744819,0.001327689453125,6.054358780549257,0.5945825461367578,60.01618795666415,0.03771533992559968,0.15433677905303272,0.0014224468657035333,3.9478125000000004,0.8200324839169614,26.783437499999998,0.0452313497477137,0.22992619162771072,0.002045875,6.069853867472914,0.5927656140806218,60.28136810279668,0.03760643618790383,0.15515859389168968,0.0014142440427548828,7.289443597560975,0.4167724178240378,84.2038236788618,0.035496668763876166,0.1282897882882645,0.001260013493332342,7.131698751300728,0.44973620139741255,80.44348335067637,0.0355278672458401,0.1308271060410811,0.0012622293510380382,4.915967987804878,0.7224171072265133,41.408346036585364,0.041075749862560504,0.1892379810833259,0.0016872172267716392,7.135470863683664,0.4387901487767341,82.05248439125911,0.03556314924852555,0.1303688111120013,0.0012647375844729032,laminat
4.070435531496063,0.8825830499657967,29.70921505905512,0.03950530131244264,0.22736290930680877,0.0015606688317868823,4.2966085932171865,0.8721165792048649,32.31471262942526,0.038566195241425,0.21331040293305525,0.0014873514153997123,1.7826033464566928,0.9768834183058372,5.834153543307086,0.05880355319080789,0.42340958254292055,0.003457857867864173,4.390600781201562,0.8667334907478715,33.67387934775869,0.03818044959113358,0.20861086294310646,0.0014577467309810923,7.0164375,0.6899046078442634,77.95893749999999,0.031272366995480215,0.13049933801478014,0.0009779609375,6.219072814310909,0.7524075078716875,62.349962207105065,0.03279336772463906,0.14836952625618277,0.0010754049667233989,3.9283124999999997,0.8935847919150742,26.777312500000004,0.04043974588044539,0.2333482519043968,0.0016353730468749998,6.319853867472915,0.7452895347227508,64.15028974552784,0.032411646129192485,0.14486679958487703,0.0010505148048039984,8.212715955284553,0.5904006727165011,101.86629827235771,0.029767822168395054,0.10582517684705095,0.000886123236649192,7.941662330905308,0.6022272257713147,98.81510145681582,0.030231968583500652,0.1154232183100599,0.0009139719244337704,4.860454776422764,0.8361852036488613,41.03614075203251,0.036877438910476366,0.19517664235532706,0.0013599455005959163,7.8288241415192505,0.6192549255915741,94.56919875130073,0.03000431836242211,0.1153113303635212,0.0009002591203935808,laminat
4.058686023622047,0.873334854006674,29.415231299212593,0.04043445139043174,0.23247858059901444,0.001634944859245187,4.255502511005021,0.8635386342838446,31.59086118172236,0.03947881933774705,0.2207779888248631,0.0015585771763024702,1.8370447834645671,0.9735183457071497,6.152620570866143,0.0592597040896776,0.4169510376306821,0.003511712528796152,4.418438836877673,0.8520200774899098,34.26046252092504,0.03901756521716202,0.21490808097058167,0.0015223703954754919,6.9814375,0.6519598471737618,80.8576875,0.03215769250894722,0.13957640529949428,0.0010341171875,6.202695893172083,0.7254659258948629,63.34744268077601,0.03356524237949213,0.15455261527494624,0.0011266254959940544,4.091875,0.8733069033714458,29.18175,0.04079505274080424,0.22633239314698392,0.001664236328125,6.3915343915343925,0.7018504884170286,68.77500629881582,0.03333100392794954,0.15263198646784812,0.0011109558228449877,7.600990853658536,0.5896074783348048,95.00038109756099,0.031136963834754092,0.12720581442228152,0.0009695105168467844,7.424947970863684,0.6089338019758516,89.3251821019771,0.031327038506388606,0.12672134288206474,0.0009813833415807545,5.14672256097561,0.7978657604522299,45.99288617886179,0.037003168939778376,0.18666693398217482,0.001369234511585779,7.543509365244537,0.5838349720528063,94.95740114464101,0.031371124845027146,0.12990352237657232,0.0009841474740422795,laminat
4.0500123031496065,0.7859321620190374,29.535740649606296,0.045993029732125976,0.22763807450189927,0.002115358783940224,4.304792609585219,0.7633930544373535,32.64666129332258,0.04456260799477721,0.2155014370707195,0.0019858260312961814,1.5417691929133857,0.968462585843839,4.335076279527559,0.07128502108080823,0.46130561962322225,0.005081554230491274,4.1871163742327475,0.7740661959267444,31.17192634385268,0.045190860722577546,0.22039180106885645,0.0020422138928474017,6.4908125000000005,0.521474387178657,66.6433125,0.03700609641498276,0.14230931805204217,0.001369451171875,5.9863315696649035,0.5842154013582264,57.64518770471153,0.03829887212440384,0.15385899683637666,0.0014668036060014374,3.3989374999999997,0.8530161803915409,20.2228125,0.049174394696325445,0.261785485034427,0.00241812109375,5.7977450239355015,0.6056212797179354,54.66609977324265,0.0388414576510326,0.15987440928997312,0.0015086588324569588,7.033727134146342,0.43876621408570665,78.70356961382114,0.03588834512141713,0.13236004131443885,0.0012879733155539445,6.9542143600416235,0.4503927632100831,76.9802289281998,0.036113079265696624,0.13162408201027692,0.0013041544940504872,4.284044715447155,0.7691574850461959,31.795985772357724,0.044435809464854155,0.214790522865825,0.0019745411627968223,6.757739334027056,0.47745339272564213,73.18841050988554,0.03652413175310442,0.13762998827221884,0.0013340122003181304,laminat
3.8034571850393695,0.8147566409422228,25.88601131889764,0.04720611246957706,0.24401845990740523,0.0022284170544903587,4.010850021700044,0.7982815177106758,28.20615041230083,0.04594826219741886,0.23254621617893978,0.002111242798962751,1.5615157480314958,0.9682896421402982,4.419660433070867,0.07127358027897848,0.45726825446356656,0.005079923245783991,4.031744063488127,0.7979533312771414,28.252712505425016,0.045736302640562776,0.23038926756548878,0.00209180937922915,6.380937499999998,0.5314509236226468,66.14156249999998,0.0372957720040087,0.14645364499871547,0.0013909746093749994,5.794154698916604,0.6045509622375324,55.58994708994709,0.03904125253029051,0.1655212610117197,0.0015242193991339154,3.37425,0.8594305315040203,19.604125000000003,0.049580387692614906,0.26098481868233175,0.00245821484375,5.811728395061729,0.6059205096462009,55.39890400604687,0.038788791104955596,0.16243373486811172,0.0015045703153838824,6.812118902439024,0.4732708567240882,75.01587906504065,0.036369534806077186,0.13729603539772975,0.00132274306201046,6.669810093652446,0.49527683571639264,71.66655827263267,0.03655124938526388,0.14511419680393725,0.001335993831623753,4.097179878048782,0.7943577707757223,28.61763211382114,0.04542220918456385,0.22066708440183408,0.0020631770872062763,6.755072840790843,0.485134855013479,73.11563475546306,0.03652196031456911,0.1369970587796321,0.001333853585218961,laminat
4.0434916338582685,0.8083057694420543,29.714259350393707,0.04501839115926844,0.22825160588728743,0.0020266555425688983,4.202802405604811,0.7966059753112825,31.573501147002297,0.04411052841382752,0.2202517366689129,0.0019457387169470848,1.5298351377952755,0.9722343906152163,4.308501476377953,0.07044047407270881,0.46503389731008016,0.004961860387587962,4.287060574121147,0.7905006082468964,32.522165044330094,0.04367586402484515,0.21626962225568722,0.001907581098316763,6.5725625,0.5493308389681253,69.8158125,0.03644213628308582,0.14291284760426912,0.001328029296875,5.956412194507434,0.6238351185348578,58.425799949609484,0.037827942093379266,0.15662209659598558,0.0014309532030200548,3.367875,0.8707454631079877,20.103375,0.048726897570797595,0.26541997577502785,0.0023743105468750003,6.121882086167801,0.6048785773830968,61.382527084908034,0.03732350014865763,0.1530840428879553,0.0013930436633468463,7.327680386178862,0.46337814913755143,83.54503302845528,0.03479383976028565,0.12374489010313991,0.0012106112852644344,7.027965660770032,0.505533325328771,77.06165452653485,0.03526854380359615,0.12797574780838866,0.0012438701820261804,4.200266768292683,0.7998752980744184,31.176257621951223,0.04418787463193839,0.2232518019564747,0.0019525682644879042,7.195564516129033,0.4810698896251423,80.92163111342352,0.03494644164650553,0.12671818177831068,0.0012212537837526162,laminat
3.893946850393702,0.7917101556243239,26.34055118110237,0.04827763587135807,0.23139148723301387,0.002330730125327439,4.07737615475231,0.774474562842097,28.505549011098026,0.04714582542396016,0.22307985887746817,0.0022227288549065286,1.6427780511811028,0.9593657217060043,5.153850885826772,0.07314699702729349,0.45128636696554064,0.0053504831741108825,4.1623783247566495,0.7639610801235119,29.83204166408333,0.04685363769276276,0.22064471722668103,0.002195263365044679,6.446937500000001,0.46419821094049907,67.38193749999999,0.039537783550990815,0.14558930407161047,0.001563236328125,5.792013101536911,0.5711261506215836,53.9976064499874,0.04092061464050152,0.1583282972665248,0.0016744967025564272,3.594499999999999,0.8133227320527119,23.689124999999994,0.05096985168950366,0.25947310540753865,0.0025979257812499988,5.851662887377174,0.5530891509778195,56.253653313177125,0.04096519022276138,0.1584095579984186,0.0016781468099870242,7.038935467479675,0.36146286991189264,80.549606199187,0.03846500874713917,0.13049193088493496,0.0014795568979174929,6.916558272632674,0.37746669571028607,78.52178720083248,0.03873692805288021,0.1375143905203418,0.0015005495949740179,4.478213922764228,0.7107938100371418,36.762512703252035,0.046363041383312285,0.21744908296658255,0.0021495316063107274,6.96208376690947,0.3773098462550353,78.42280176899064,0.03855442160748736,0.13319181485741238,0.0014864434254878882,laminat
4.152989665354331,0.7694840986634365,29.474593996062993,0.04503473760788923,0.22092986488173658,0.0020281275914114326,4.366544733089467,0.7498690272637669,32.00272800545601,0.0438736201329509,0.21098200817061585,0.001924894543570475,1.6284448818897639,0.9614934961375229,4.915231299212599,0.06966515197941117,0.4511833793130001,0.004853233400314456,4.409138818277637,0.7416344184248423,33.054188108376216,0.043893942255224236,0.21138148771959359,0.00192667816670496,7.309749999999999,0.3403693736120838,83.730625,0.03626637561157718,0.12746894326244435,0.00131525,6.613567649281935,0.4561397109282186,69.27393550012597,0.037351659168335695,0.13913252159440226,0.0013951464426275161,3.759687499999999,0.8021496112001698,25.293562499999993,0.047316483484880816,0.24806197966177165,0.002238849609374999,6.659486016628873,0.4406504868987895,71.24855127236077,0.037429093238622695,0.1417519591893455,0.0014009370206655113,7.803988821138214,0.26220725692297664,94.07126524390245,0.03551865387870709,0.11717042577734053,0.0012615747733553942,7.675468262226847,0.28564554396728703,91.03616024973985,0.035697234599431735,0.12098093904283092,0.0012742925580468663,4.86007367886179,0.6717462557999716,42.00336636178862,0.042452174789223265,0.20353532738502206,0.0018021871443347631,7.645811654526536,0.2935560864749427,90.07778355879294,0.035664338695385336,0.11904671638927783,0.00127194505457916,laminat
3.8889640748031495,0.8291717107830399,25.05677903543307,0.04838722928160135,0.22636909985036877,0.002341323957550259,3.960567921135842,0.8216956846392462,26.17732035464071,0.0482934801917566,0.22523055579660037,0.002332260229031587,1.522453248031496,0.9710112829417833,4.241941437007875,0.07590683127326535,0.46354084284971114,0.005761847033947974,4.185442370884742,0.8050252195458468,28.6258912517825,0.046919533456351345,0.21141412052249653,0.0022014426197616735,6.5146250000000006,0.54453211997197,67.508875,0.040523719905753965,0.14245283878772996,0.0016421718750000002,5.809271856890905,0.6362387752697373,53.71239606953893,0.04185794159128117,0.1556467713129392,0.0017520872742591061,3.4900625000000005,0.8538003347764944,21.4434375,0.05193287434275133,0.2589683470603644,0.0026970234374999996,6.045855379188712,0.6053885882945345,58.27752582514486,0.04143584440357303,0.15291296521328748,0.001716929201437114,7.010861280487806,0.45959406465486025,80.9387068089431,0.03989491138030153,0.1360672830951805,0.0015916039540421127,6.825507284079084,0.49605389506168274,75.46585587929239,0.0402416759932246,0.13907270212865722,0.001619392486743669,4.5765370934959355,0.7554856399534612,35.9780868902439,0.046317618659532954,0.20566940385126753,0.0021453217982899155,6.855684183142561,0.4916317457267929,76.15550208116545,0.040099027632994846,0.1368315038605899,0.0016079320171116843,laminat
3.5367864173228347,0.8174384966139506,21.09916338582677,0.05188801384168684,0.2462910067587638,0.0026923659804350855,3.462086924173848,0.8210677078950958,20.647157294314585,0.05268845173546742,0.2590078389984756,0.0027760729462806798,1.5782480314960634,0.9611916979735874,4.478715551181104,0.07535755714298331,0.45376512194410523,0.005678761418557996,4.065224130448261,0.7662872114213264,26.96918593837188,0.048582883355939056,0.21587076089066415,0.00236029655517678,6.264562499999999,0.45571157582416816,62.71143750000002,0.04158901879553063,0.14566489806313979,0.0017296464843750002,5.254535147392291,0.611248788324856,44.80152431342908,0.043935967423527345,0.1738453434940425,0.0019303692334412563,3.6523749999999997,0.7974855260441086,23.321375,0.05136640743228984,0.24617222139360506,0.0026385078125000004,6.102733686067019,0.4903848538270705,58.723796926177876,0.0416930700022999,0.15028211999060115,0.0017383120862166802,6.439850101626018,0.3966902395501794,70.01314786585368,0.04140190866645725,0.1481356445613585,0.001714118041225668,6.174687825182102,0.4489040549135125,63.27497398543184,0.042067731574789956,0.1510671792185151,0.0017696940398485796,4.699504573170733,0.6584718689212471,39.13713160569107,0.04653865465829802,0.20586598105393203,0.002165846377404324,6.635145681581687,0.36898401986353324,72.40309573361081,0.041288344724592585,0.14099671971011796,0.0017047274100967925,laminat
3.7409571850393695,0.7785511781264829,23.909510334645667,0.049775839186236875,0.23694530730554447,0.0024776341666941145,3.8835637671275345,0.7602849722457603,25.88765577531155,0.048968324369714496,0.2344208538651196,0.002397896791577575,1.4713951771653546,0.9631548638217003,3.973486712598426,0.07718150248652866,0.47434311656161576,0.005956984326078029,3.968069936139873,0.7539150722283705,26.57728315456631,0.04843662222343859,0.22432831131627284,0.002346106372416105,6.299500000000001,0.4025766801107506,64.55987499999999,0.04047706237024866,0.14791354552904123,0.001638392578125,5.784958427815571,0.49248879306608717,54.83270345175107,0.04166101258403351,0.1617560271857671,0.0017356399695269988,3.2590000000000003,0.8255565488174027,18.839374999999997,0.05343421042506383,0.272150520947696,0.00285521484375,5.858969513731418,0.47470037979149293,56.76423532375914,0.041607624021650365,0.16327961107587513,0.0017311943767270167,6.721227134146341,0.3451478309136627,71.1927718495935,0.03956930467967838,0.13440802397621474,0.0015657298728332177,6.387031737773153,0.39735622457272624,65.45297866805412,0.04031570927656411,0.14264739379384797,0.0016253564144724374,4.122776930894309,0.7206622431195352,30.192898882113823,0.048357236099762356,0.22788803794046097,0.0023384222832081598,6.42598855359001,0.37935763748908075,67.41090010405827,0.04020258297726823,0.14633071478766424,0.0016162476780441377,laminat
7.953186515748031,0.7691174015979607,104.95084891732283,0.026030176348348064,0.12085861318086093,0.0006775700807260989,9.014198028396057,0.6959523066000919,137.71417942835888,0.024909355188391002,0.11153052799577277,0.0006204759759014217,8.898068405511813,0.7095677697215811,131.83433809055123,0.0249232933992389,0.10998011283316993,0.0006211705538645455,13.075826151652302,0.3884277180059329,277.00651001302003,0.021712395623482206,0.07565385928548184,0.0004714281237106092,15.463000000000003,0.1372431564143556,391.5763750000001,0.020948877505728086,0.06553123565540149,0.00043885546875000017,14.017888636936252,0.27968338779735064,324.9865205341395,0.02138134863389042,0.07111484378056715,0.0004571620694039678,17.002500000000005,-0.03801711684667796,470.02862500000015,0.02078531445215588,0.059872350972639016,0.0004320292968750002,18.188649533887624,-0.18372251421894611,534.4660493827159,0.020958546537432815,0.05558912509408067,0.000439260672961737,16.47776930894309,0.021047851488806356,443.96074695121956,0.02083880314683434,0.0645957198774036,0.00043425571659251274,16.356074401664934,0.03864533612016996,432.7937695109261,0.0208707132238203,0.05980765570549274,0.0004355866704709476,16.87893800813008,-0.03330353459865853,466.94308943089436,0.020926752272575757,0.060273044255138575,0.00043792896067775466,17.256373569198754,-0.08293784772463549,488.108220603538,0.020845770684251433,0.0598221792437182,0.0004345461554203965,tynk
7.653912401574803,0.762442741063257,96.06729822834644,0.02678592331619471,0.12505173596909355,0.0007174856879010634,9.01066402132804,0.6625383093726979,136.59737119474232,0.02527240959576653,0.11124419697022192,0.0006386946867761921,8.852177657480317,0.6804685189680616,129.60574557086616,0.025430456967204,0.11141181265490842,0.0006467081415608146,12.719139438278876,0.3579168747517255,259.93682187364374,0.022401572295706343,0.07705316333588884,0.000501830441319758,14.536187500000002,0.15249041339518343,342.1189375,0.02191870633728186,0.06994885135173984,0.00048042968749999995,13.757243638196016,0.22379564094428203,313.958553791887,0.02215849638482735,0.0738624767583588,0.0004909989620364068,16.238374999999998,-0.05512442879819847,428.26412500000004,0.021607832781193024,0.06087273278584925,0.00046689843749999987,17.42409926933736,-0.20207407866063987,486.35241874527594,0.021732785894795468,0.05690059692496362,0.00047231398274902086,15.373602642276424,0.05951520230957819,380.16183943089436,0.021798943349402043,0.06412186620908907,0.00047519393115043963,15.750195109261188,0.006056133518697115,402.05105359001044,0.02160780625253249,0.06392106355762323,0.00046689729104698217,16.096608231707318,-0.04110137273495652,421.81840701219517,0.021699658905530994,0.0601935553960346,0.00047087519661639064,16.483025494276802,-0.08576413657508887,439.2665842872009,0.0216734785769174,0.06310159516076731,0.00046973967362409747,tynk
8.160740649606298,0.7668184847323746,107.72213336614173,0.025305263943532164,0.11708115130682037,0.000640356383251829,9.244156488312978,0.6913892276952955,142.48986297972596,0.024243673752558977,0.10776547140448521,0.0005877557170205171,9.053395669291339,0.7063484417341205,135.62906003937005,0.024427794329760603,0.11025129495978944,0.0005967171358170842,13.28179056358113,0.3859066642102493,283.58881517763047,0.021309064697990314,0.07418544327659075,0.0004540762383031371,15.787125,0.1307725183168694,400.953125,0.020683392719159976,0.06156676605571286,0.00042780273437499996,14.2072940287226,0.2807256024616863,331.9009196271101,0.021095391521065498,0.07121106863744173,0.0004450155434270421,17.0235625,-0.02291714926698916,472.4660625,0.020548104763578563,0.06312715778768128,0.00042222460937499997,18.3478835978836,-0.1694330375846706,539.7861552028219,0.02061777635002656,0.05492074113587754,0.00042509270161971455,16.591653963414632,0.026894542507225106,448.83593750000006,0.02059372100834909,0.05989238706617441,0.0004241013449697188,16.228733090530696,0.06709158107652723,429.4244927159209,0.020734330943067873,0.06406631446292149,0.00042991247965666184,17.2280868902439,-0.04758192829949517,484.4567454268293,0.020506802743653213,0.059541163664668696,0.0004205289587671029,17.542273673257025,-0.07776183541453484,496.3098335067638,0.02057094883334267,0.05702208555103582,0.0004231639359040022,tynk
8.179010826771654,0.7597500312451421,108.06545275590551,0.025504046326764666,0.11727484009375619,0.0006504563790377582,9.087110174220351,0.696977733708129,136.28619257238518,0.024540617126819507,0.10894454050282525,0.0006022418889651469,8.780327263779528,0.7164529065456727,127.44605068897637,0.024933350329948614,0.11186960375871055,0.0006216719586759486,13.146134292268588,0.3857307645055303,276.254572509145,0.021590869983879806,0.07530354908537203,0.00046616566666080197,15.717562500000001,0.1202137703542088,396.6724375,0.020860773595435044,0.06265436149312612,0.00043517187499999996,14.117094986142602,0.27740340519824147,325.7517636684303,0.021308624881346102,0.0704730201946549,0.00045405749433392216,16.586,0.005902854564697849,448.535625,0.020798700380071828,0.06070587345195008,0.00043258593750000003,18.069035021415974,-0.16146905862704294,523.4865205341397,0.020827851499713328,0.05495276102100075,0.0004337993980941107,16.44975863821138,0.03464319782471735,437.05443343495944,0.020744453354050042,0.06132869285764961,0.0004303323449583581,16.698946409989595,-0.0026441105020469386,455.7495447450572,0.02075624900823604,0.060271440490848587,0.0004308218728918996,17.0619918699187,-0.04064220503004223,470.5771087398374,0.020693242740274065,0.05809927858975563,0.00042821029510790534,17.87389438085328,-0.14818287328116986,521.6393730489074,0.02080631882368916,0.05587570004550439,0.00043290290299300186,tynk
7.992064468503938,0.7411683027194864,102.90680364173228,0.026784439885289554,0.11963352848482943,0.0007174062199686899,8.6748713497427,0.6836061070371016,125.31471262942527,0.026217146666873723,0.1139729941539548,0.000687338779352368,8.497231791338583,0.6974954627424664,119.60513041338584,0.026435350435278407,0.11461727542776204,0.0006988277526359742,12.800359600719203,0.3362189782211297,262.8996837993676,0.022952233207640813,0.07626827741734088,0.0005268050092179297,15.340125,0.0482001603614083,379.77125,0.0222608383012635,0.06580852969200594,0.000495544921875,13.313932980599647,0.26526705214477714,290.8159486016629,0.02282449595333569,0.07567308738457533,0.0005209576155238371,15.80775,-0.03101089473753499,404.75025,0.02228758237505809,0.06288326303459091,0.0004967363281249999,17.300516502897455,-0.21605392422172395,481.2871630133535,0.02236824704908819,0.05613243205504432,0.0005003384760490425,15.724529979674795,-0.008576345365249188,403.59559197154476,0.022118209556677898,0.06283532979645676,0.0004892151939931176,15.08792924037461,0.052739903290952905,374.207726326743,0.022361182177101334,0.06823877181538929,0.0005000224683575144,15.812817581300813,-0.03836295002986586,406.95547510162606,0.022362910738231826,0.06502843193446439,0.0005000997766861243,15.895486472424556,-0.0463450920011415,412.86635015608744,0.022226714053339328,0.06261072815009211,0.000494026817608912,tynk
8.008366141732285,0.7689170047336609,102.81274606299215,0.02605792854886672,0.11873359013976317,0.0006790156402578432,8.829065658131316,0.7100825362531424,129.18172236344475,0.025138278853766564,0.11222801432420874,0.0006319330637297272,8.751291830708661,0.7157293318645848,126.4955093503937,0.02521204002479556,0.11460089466900925,0.0006356469622118932,13.028272056544115,0.3860093053918099,273.5742451484903,0.021957587038210408,0.07559526498561168,0.0004821356285405857,15.457375000000003,0.12894089243652135,386.79387499999996,0.021244898284647068,0.06618371636345563,0.000451345703125,13.672209624590577,0.3133466985648197,306.1182917611489,0.021738490104048554,0.07307998507412963,0.00047256195200381696,16.4879375,-0.005888392712034911,447.5120625,0.021198052313243308,0.06130883708160115,0.000449357421875,17.986016628873767,-0.17777544747722435,524.8837238599143,0.02117662441626277,0.05803663638868305,0.0004484494216674565,16.17587652439024,0.03627914607438108,427.4084730691057,0.02116011581461412,0.06226663591216106,0.0004477505012878826,16.013852757544225,0.05913326847632602,416.7464229968782,0.021078523580205906,0.0632328762587876,0.0004443041563212964,16.87525406504065,-0.05375170921649951,465.93013211382123,0.021128347646971902,0.05936064739170542,0.00044640707429130315,17.16805411030177,-0.08579425233968954,480.1880853277836,0.02110329123875765,0.05799929995018386,0.0004453489011078254,tynk
